country	1980	1981	1982	1983	1984	1985	1986	1987	1988	1989	1990	1991	1992	1993	1994	1995	1996	1997	1998	1999	2000	2001	2002	2003	2004	2005	2006	2007	2008	2009	2010	2011
Afghanistan	0.04	0.03	0.05	0.05	0.16	0.15	0.11	0.25	0.35	0.33	0.25	0.23	0.21	0.18	0.12	0.2	0.31	0.28	0.27	0.27	0.24	0.33	0.36	0.41	0.5	0.58	0.58	0.63	0.64	0.63	0.66	0.66
Albania	0.94	0.94	0.95	0.95	0.95	0.96	0.96	0.96	0.96	0.94	0.94	0.78	0.94	0.96	0.99	0.97	0.98	0.99	0.96	0.97	0.97	0.97	0.98	0.97	0.97	0.98	0.97	0.98	0.99	0.98	0.99	0.99
Algeria						0.69	0.73	0.79	0.85	0.87	0.89	0.89	0.88	0.88	0.87	0.88	0.88	0.89	0.85	0.83	0.86	0.89	0.86	0.87	0.86	0.88	0.95	0.95	0.93	0.95	0.95	0.95
Andorra																		0.9	0.89	0.9	0.98	0.96	0.97	0.99	0.99	0.98	0.93	0.96	0.99	0.99	0.99	0.99
Angola				0.06	0.08	0.08	0.1	0.1	0.12	0.18	0.24	0.26	0.21	0.3	0.27	0.24	0.28	0.41	0.47	0.21	0.31	0.42	0.47	0.46	0.47	0.47	0.44	0.83	0.81	0.73	0.91	0.86
Antigua and Barbuda	0.54	0.79	0.79	0.99	0.94	0.99	0.96	0.97	0.98	0.99	0.99	0.94	0.99	0.99	0.99	0.99	0.99	0.99	0.99	0.99	0.95	0.97	0.98	0.99	0.97	0.99	0.99	0.99	0.99	0.99	0.98	0.99
Argentina	0.44	0.49	0.58	0.61	0.62	0.66	0.67	0.75	0.8	0.8	0.87	0.8	0.81	0.81	0.82	0.85	0.83	0.88	0.84	0.86	0.83	0.83	0.92	0.93	0.91	0.94	0.94	0.96	0.92	0.87	0.94	0.93
Armenia													0.85	0.85	0.86	0.98	0.86	0.88	0.82	0.91	0.93	0.94	0.94	0.94	0.91	0.9	0.87	0.88	0.89	0.93	0.94	0.95
Australia	0.33	0.4	0.48	0.55	0.62	0.68	0.75	0.81	0.88	0.93	0.95	0.93	0.91	0.9	0.88	0.86	0.86	0.77	0.82	0.88	0.9	0.92	0.92	0.93	0.92	0.92	0.92	0.92	0.92	0.92	0.92	0.92
Austria	0.9	0.9	0.9	0.9	0.9	0.9	0.9	0.9	0.9	0.9	0.9	0.9	0.9	0.9	0.9	0.9	0.9	0.9	0.82	0.74	0.81	0.84	0.83	0.84	0.83	0.86	0.83	0.85	0.83	0.83	0.83	0.83
Azerbaijan													0.58	0.66	0.69	0.74	0.74	0.7	0.73	0.75	0.75	0.75	0.75	0.75	0.75	0.72	0.74	0.74	0.74	0.73	0.72	0.74
Bahamas	0.36	0.55	0.69	0.65	0.69	0.86	0.85	0.85	0.85	0.86	0.86	0.92	0.92	0.91	0.91	0.87	0.85	0.86	0.89	0.82	0.99	0.99	0.94	0.92	0.93	0.93	0.95	0.95	0.93	0.96	0.99	0.98
Bahrain	0.72	0.75	0.79	0.83	0.86	0.9	0.92	0.95	0.96	0.96	0.94	0.99	0.94	0.94	0.96	0.95	0.96	0.98	0.98	0.97	0.97	0.99	0.98	0.97	0.98	0.98	0.98	0.97	0.98	0.98	0.99	0.99
Bangladesh		0.01	0.01	0.01	0.01	0.02	0.04	0.09	0.16	0.49	0.69	0.74	0.66	0.74	0.84	0.69	0.77	0.78	0.74	0.77	0.83	0.85	0.83	0.87	0.96	0.96	0.93	0.95	0.95	0.96	0.95	0.96
Barbados	0.6	0.58	0.62	0.69	0.83	0.83	0.79	0.79	0.76	0.78	0.91	0.82	0.9	0.86	0.9	0.93	0.85	0.96	0.93	0.87	0.93	0.84	0.87	0.89	0.93	0.92	0.84	0.93	0.85	0.93	0.86	0.91
Belarus													0.9	0.91	0.92	0.96	0.98	0.98	0.99	0.99	0.99	0.99	0.99	0.5	0.99	0.99	0.99	0.95	0.97	0.96	0.98	0.98
Belgium	0.95	0.95	0.95	0.95	0.95	0.95	0.95	0.95	0.8	0.94	0.93	0.92	0.95	0.97	0.96	0.94	0.95	0.87	0.79	0.87	0.95	0.95	0.95	0.95	0.95	0.97	0.99	0.99	0.99	0.99	0.99	0.98
Belize	0.47	0.44	0.61	0.59	0.53	0.58	0.82	0.85	0.61	0.79	0.91	0.82	0.74	0.85	0.88	0.83	0.85	0.86	0.87	0.87	0.91	0.96	0.89	0.96	0.97	0.96	0.98	0.96	0.94	0.97	0.96	0.95
Benin						0.17	0.17	0.25	0.3	0.48	0.74	0.69	0.73	0.75	0.81	0.67	0.66	0.66	0.7	0.74	0.78	0.76	0.75	0.73	0.72	0.7	0.74	0.82	0.78	0.83	0.83	0.85
Bhutan	0.06	0.13	0.15	0.16	0.28	0.41	0.53	0.63	0.7	0.76	0.96	0.91	0.86	0.79	0.86	0.87	0.87	0.87	0.86	0.9	0.92	0.88	0.86	0.95	0.89	0.95	0.95	0.95	0.96	0.93	0.91	0.95
Bolivia	0.11	0.13	0.12	0.1	0.06	0.33	0.42	0.35	0.28	0.52	0.41	0.43	0.45	0.52	0.58	0.64	0.61	0.58	0.61	0.77	0.75	0.71	0.77	0.88	0.84	0.85	0.83	0.82	0.83	0.85	0.8	0.82
Bosnia and Herzegovina													0.58	0.38	0.82	0.55	0.67	0.79	0.89	0.9	0.85	0.91	0.8	0.87	0.84	0.93	0.87	0.95	0.91	0.9	0.89	0.88
Botswana	0.71	0.75	0.82	0.82	0.83	0.84	0.86	0.88	0.88	0.92	0.92	0.93	0.94	0.94	0.94	0.95	0.96	0.96	0.98	0.97	0.97	0.97	0.97	0.96	0.96	0.96	0.96	0.96	0.96	0.96	0.96	0.96
Brazil	0.37	0.47	0.56	0.6	0.68	0.66	0.58	0.58	0.58	0.56	0.66	0.78	0.71	0.75	0.74	0.81	0.77	0.79	0.93	0.94	0.98	0.98	0.99	0.98	0.96	0.96	0.97	0.97	0.98	0.98	0.98	0.96
Brunei	0.89	0.94	0.99	0.85	0.96	0.88	0.86	0.85	0.89	0.91	0.93	0.95	0.96	0.99	0.99	0.99	0.99	0.99	0.97	0.92	0.99	0.97	0.94	0.92	0.92	0.94	0.97	0.99	0.98	0.99	0.95	0.97
Bulgaria	0.98	0.99	0.99	0.99	0.99	0.99	0.99	0.99	0.99	0.99	0.99	0.99	0.98	0.98	0.93	0.96	0.95	0.94	0.95	0.96	0.93	0.94	0.93	0.96	0.95	0.96	0.95	0.95	0.95	0.94	0.94	0.95
Burkina Faso						0.09	0.19	0.23	0.34	0.44	0.66	0.53	0.39	0.39	0.36	0.34	0.37	0.39	0.52	0.43	0.63	0.71	0.69	0.79	0.79	0.82	0.86	0.89	0.93	0.92	0.91	0.91
Burundi		0.36	0.33	0.44	0.26	0.36	0.55	0.68	0.51	0.82	0.86	0.83	0.8	0.63	0.48	0.73	0.73	0.74	0.65	0.79	0.8	0.81	0.81	0.82	0.83	0.87	0.92	0.99	0.92	0.94	0.96	0.96
Cambodia					0.17	0.23	0.37	0.37	0.45	0.47	0.38	0.38	0.32	0.35	0.37	0.39	0.43	0.46	0.47	0.53	0.59	0.6	0.54	0.69	0.85	0.82	0.8	0.82	0.91	0.94	0.92	0.94
Cameroon		0.05	0.15	0.25	0.27	0.33	0.39	0.44	0.5	0.56	0.48	0.42	0.37	0.37	0.38	0.46	0.46	0.48	0.56	0.59	0.62	0.63	0.66	0.73	0.73	0.8	0.78	0.75	0.75	0.67	0.68	0.66
Canada								0.85	0.86	0.87	0.88	0.88	0.89	0.9	0.93	0.87	0.9	0.86	0.9	0.91	0.92	0.92	0.93	0.91	0.94	0.94	0.94	0.94	0.94	0.95	0.95	0.95
Cape Verde				0.23	0.31	0.39	0.54	0.92	0.88	0.99	0.88	0.87	0.88	0.89	0.89	0.88	0.88	0.87	0.88	0.89	0.9	0.9	0.91	0.92	0.93	0.95	0.96	0.98	0.99	0.99	0.99	0.9
Central African Republic	0.13	0.11	0.14	0.16	0.17	0.2	0.19	0.22	0.42	0.64	0.82	0.64	0.45	0.47	0.48	0.53	0.48	0.43	0.43	0.33	0.37	0.4	0.44	0.47	0.51	0.54	0.54	0.54	0.54	0.54	0.54	0.54
Chad				0.01	0.03	0.03	0.1	0.14	0.14	0.2	0.2	0.18	0.1	0.13	0.18	0.18	0.2	0.24	0.35	0.45	0.36	0.26	0.25	0.23	0.22	0.26	0.41	0.3	0.19	0.27	0.35	0.22
Chile	0.93	0.99	0.99	0.89	0.99	0.99	0.9	0.93	0.96	0.95	0.95	0.94	0.9	0.9	0.94	0.94	0.91	0.9	0.9	0.95	0.91	0.97	0.97	0.96	0.93	0.91	0.94	0.96	0.95	0.94	0.92	0.94
China				0.58	0.73	0.78	0.78	0.75	0.95	0.95	0.97	0.94	0.91	0.88	0.85	0.8	0.83	0.84	0.84	0.85	0.85	0.86	0.86	0.86	0.87	0.87	0.93	0.93	0.97	0.99	0.99	0.99
Colombia	0.16	0.2	0.26	0.42	0.61	0.61	0.48	0.58	0.74	0.78	0.88	0.84	0.78	0.83	0.85	0.85	0.85	0.84	0.73	0.74	0.79	0.8	0.81	0.92	0.89	0.93	0.93	0.93	0.92	0.92	0.88	0.85
Comoros					0.31	0.51	0.71	0.71	0.43	0.82	0.94	0.52	0.38	0.7	0.58	0.75	0.6	0.48	0.75	0.73	0.7	0.7	0.89	0.8	0.76	0.68	0.69	0.75	0.81	0.83	0.74	0.83
Congo, Dem. Rep.		0.18	0.17	0.16	0.27	0.37	0.32	0.38	0.41	0.38	0.35	0.16	0.23	0.29	0.26	0.23	0.18	0.18	0.18	0.25	0.4	0.3	0.38	0.41	0.54	0.6	0.62	0.7	0.65	0.72	0.58	0.7
Congo, Rep.	0.42	0.42	0.47	0.5	0.53	0.54	0.71	0.72	0.72	0.79	0.79	0.74	0.67	0.6	0.55	0.5	0.37	0.23	0.26	0.29	0.33	0.31	0.41	0.5	0.67	0.65	0.79	0.8	0.89	0.91	0.9	0.9
Costa Rica	0.86	0.85	0.81	0.86	0.93	0.9	0.89	0.94	0.87	0.86	0.95	0.9	0.9	0.88	0.88	0.85	0.85	0.94	0.85	0.86	0.88	0.91	0.94	0.88	0.9	0.91	0.89	0.89	0.9	0.86	0.91	0.85
Cote d'Ivoire					0.19	0.25	0.3	0.31	0.31	0.42	0.54	0.39	0.49	0.5	0.5	0.52	0.55	0.58	0.64	0.58	0.65	0.66	0.64	0.61	0.67	0.76	0.77	0.76	0.74	0.81	0.85	0.62
Croatia													0.83	0.85	0.87	0.9	0.91	0.92	0.93	0.93	0.93	0.94	0.95	0.94	0.96	0.96	0.96	0.96	0.96	0.96	0.97	0.96
Cuba	0.67	0.68	0.99	0.99	0.86	0.91	0.99	0.87	0.98	0.96	0.92	0.99	0.94	0.99	0.99	0.99	0.9	0.99	0.99	0.95	0.95	0.98	0.99	0.72	0.88	0.89	0.89	0.93	0.95	0.96	0.96	0.96
Cyprus	0.34	0.56	0.26	0.34	0.3	0.61	0.91	0.93	0.9	0.93	0.93	0.94	0.94	0.95	0.95	0.96	0.98	0.98	0.98	0.97	0.97	0.97	0.98	0.98	0.98	0.98	0.97	0.97	0.97	0.99	0.99	0.99
Czech Republic														0.99	0.98	0.96	0.97	0.98	0.98	0.98	0.98	0.98	0.98	0.97	0.98	0.97	0.98	0.99	0.99	0.99	0.99	0.99
Denmark	0.88	0.88	0.87	0.86	0.86	0.9	0.89	0.88	0.87	0.89	0.9	0.9	0.91	0.88	0.89	0.9	0.77	0.92	0.99	0.99	0.97	0.97	0.98	0.96	0.95	0.93	0.93	0.87	0.88	0.89	0.9	0.91
Djibouti			0.06	0.14	0.21	0.22	0.24	0.25	0.65	0.77	0.85	0.53	0.41	0.41	0.41	0.41	0.41	0.32	0.23	0.23	0.46	0.53	0.62	0.68	0.64	0.71	0.72	0.88	0.89	0.89	0.88	0.87
Dominica	0.63	0.97	0.99	0.93	0.84	0.91	0.93	0.95	0.96	0.92	0.92	0.98	0.99	0.99	0.99	0.99	0.99	0.92	0.99	0.99	0.99	0.99	0.98	0.99	0.99	0.98	0.95	0.96	0.96	0.99	0.98	0.98
Dominican Republic	0.36	0.27	0.28	0.29	0.34	0.39	0.8	0.8	0.69	0.58	0.69	0.71	0.73	0.75	0.74	0.72	0.72	0.73	0.75	0.83	0.78	0.72	0.82	0.79	0.81	0.87	0.89	0.87	0.85	0.82	0.88	0.84
Ecuador	0.1	0.26	0.35	0.31	0.48	0.41	0.44	0.51	0.54	0.55	0.68	0.59	0.87	0.85	0.84	0.83	0.82	0.81	0.85	0.8	0.88	0.9	0.89	0.89	0.9	0.94	0.98	0.99	0.99	0.99	0.99	0.99
Egypt	0.57	0.57	0.57	0.57	0.69	0.84	0.8	0.81	0.87	0.9	0.87	0.76	0.79	0.81	0.83	0.88	0.9	0.88	0.92	0.97	0.98	0.99	0.97	0.98	0.97	0.98	0.98	0.98	0.97	0.97	0.97	0.96
El Salvador	0.44	0.42	0.42	0.21	0.31	0.55	0.5	0.53	0.63	0.64	0.8	0.61	0.6	0.79	0.9	0.99	0.96	0.97	0.99	0.94	0.99	0.92	0.81	0.94	0.9	0.89	0.96	0.99	0.98	0.91	0.92	0.89
Equatorial Guinea						0.03	0.03	0.1	0.19	0.48	0.77	0.77	0.76	0.76	0.77	0.79	0.8	0.81	0.81	0.33	0.33	0.33	0.33	0.33	0.33	0.33	0.33	0.33	0.33	0.33	0.33	0.33
Eritrea														0.32	0.49	0.58	0.66	0.75	0.86	0.93	0.81	0.86	0.9	0.93	0.98	0.96	0.96	0.96	0.99	0.99	0.99	0.99
Estonia														0.71	0.77	0.82	0.87	0.87	0.88	0.91	0.93	0.94	0.94	0.94	0.94	0.96	0.95	0.95	0.95	0.95	0.94	0.93
Ethiopia		0.03	0.03	0.04	0.04	0.06	0.07	0.16	0.16	0.26	0.49	0.21	0.13	0.28	0.57	0.57	0.55	0.55	0.37	0.27	0.27	0.33	0.3	0.28	0.4	0.42	0.42	0.42	0.49	0.44	0.5	0.51
Fiji	0.68	0.7	0.64	0.8	0.77	0.69	0.71	0.9	0.98	0.98	0.97	0.99	0.97	0.96	0.96	0.97	0.97	0.86	0.87	0.89	0.9	0.91	0.93	0.94	0.95	0.96	0.98	0.99	0.99	0.99	0.99	0.99
Finland	0.92	0.92	0.94	0.94	0.95	0.96	0.97	0.98	0.99	0.9	0.9	0.95	0.99	0.99	0.99	0.99	0.99	0.99	0.99	0.99	0.99	0.98	0.98	0.98	0.98	0.97	0.97	0.99	0.99	0.99	0.99	0.99
France	0.79	0.79	0.85	0.9	0.94	0.95	0.96	0.88	0.79	0.95	0.94	0.94	0.94	0.94	0.96	0.96	0.97	0.97	0.96	0.97	0.97	0.97	0.97	0.97	0.98	0.98	0.99	0.98	0.98	0.98	0.99	0.99
Gabon				0.14	0.31	0.48	0.59	0.65	0.72	0.78	0.78	0.72	0.66	0.67	0.69	0.7	0.62	0.54	0.5	0.45	0.45	0.45	0.45	0.45	0.45	0.45	0.45	0.45	0.45	0.45	0.45	0.45
Gambia	0.63	0.76	0.8	0.62	0.7	0.78	0.73	0.85	0.82	0.87	0.92	0.85	0.85	0.9	0.93	0.96	0.96	0.96	0.85	0.74	0.8	0.87	0.87	0.87	0.87	0.95	0.95	0.95	0.96	0.98	0.97	0.96
Georgia													0.58	0.54	0.58	0.79	0.8	0.8	0.8	0.84	0.8	0.87	0.84	0.76	0.78	0.84	0.87	0.98	0.92	0.88	0.91	0.94
Germany		0.95	0.97	0.93	0.94	0.8	0.9	0.8	0.8	0.8	0.8	0.8	0.85	0.62	0.73	0.78	0.84	0.87	0.89	0.97	0.9	0.93	0.96	0.98	0.99	0.99	0.99	0.99	0.99	0.99	0.99	0.99
Ghana	0.07	0.22	0.23	0.23	0.19	0.22	0.35	0.42	0.47	0.51	0.58	0.6	0.62	0.66	0.7	0.7	0.71	0.71	0.76	0.79	0.88	0.79	0.78	0.8	0.8	0.84	0.84	0.94	0.93	0.94	0.94	0.91
Greece	0.72	0.95	0.83	0.72	0.6	0.54	0.8	0.82	0.83	0.54	0.54	0.85	0.89	0.89	0.9	0.9	0.9	0.9	0.89	0.88	0.89	0.91	0.92	0.94	0.95	0.96	0.98	0.99	0.99	0.99	0.99	0.99
Grenada	0.25	0.43	0.56	0.68	0.76	0.61	0.98	0.8	0.65	0.87	0.8	0.85	0.9	0.89	0.91	0.95	0.8	0.95	0.97	0.88	0.97	0.96	0.98	0.97	0.83	0.99	0.91	0.96	0.99	0.99	0.97	0.94
Guatemala	0.43	0.42	0.45	0.44	0.48	0.21	0.37	0.16	0.47	0.5	0.66	0.63	0.66	0.75	0.71	0.77	0.66	0.73	0.78	0.77	0.81	0.77	0.82	0.84	0.87	0.87	0.89	0.85	0.95	0.92	0.94	0.85
Guinea			0.15	0.15	0.15	0.15	0.15	0.15	0.16	0.17	0.17	0.36	0.52	0.53	0.53	0.54	0.48	0.47	0.56	0.43	0.47	0.5	0.54	0.57	0.61	0.59	0.57	0.63	0.6	0.57	0.64	0.59
Guinea-Bissau				0.09	0.18	0.18	0.47	0.55	0.66	0.54	0.61	0.63	0.67	0.63	0.74	0.45	0.53	0.63	0.54	0.45	0.49	0.53	0.57	0.6	0.64	0.68	0.7	0.72	0.74	0.76	0.76	0.76
Guyana	0.35	0.45	0.53	0.58	0.7	0.75	0.64	0.67	0.64	0.77	0.83	0.81	0.79	0.93	0.9	0.86	0.83	0.88	0.9	0.83	0.88	0.85	0.91	0.9	0.91	0.93	0.93	0.94	0.93	0.98	0.95	0.93
Haiti	0.03	0.14	0.13	0.09	0.14	0.19	0.24	0.28	0.48	0.5	0.41	0.36	0.38	0.39	0.41	0.42	0.42	0.42	0.45	0.47	0.49	0.51	0.53	0.55	0.57	0.59	0.59	0.59	0.59	0.59	0.59	0.59
Honduras	0.28	0.34	0.46	0.52	0.41	0.58	0.62	0.58	0.74	0.85	0.84	0.94	0.93	0.94	0.94	0.94	0.94	0.95	0.97	0.95	0.94	0.96	0.95	0.92	0.94	0.98	0.95	0.94	0.93	0.98	0.98	0.98
Hungary	0.99	0.99	0.99	0.99	0.99	0.99	0.99	0.99	0.99	0.99	0.99	0.99	0.99	0.99	0.99	0.99	0.99	0.99	0.99	0.99	0.99	0.99	0.99	0.99	0.99	0.99	0.99	0.99	0.99	0.99	0.99	0.99
Iceland	0.99	0.99	0.98	0.94	0.99	0.99	0.99	0.99	0.99	0.99	0.99	0.99	0.99	0.99	0.99	0.99	0.99	0.99	0.99	0.98	0.98	0.92	0.95	0.97	0.99	0.95	0.97	0.97	0.98	0.96	0.96	0.96
India	0.06	0.06	0.12	0.14	0.16	0.18	0.2	0.3	0.4	0.5	0.7	0.57	0.56	0.61	0.67	0.71	0.66	0.62	0.66	0.64	0.62	0.6	0.58	0.61	0.64	0.67	0.66	0.71	0.72	0.72	0.72	0.72
Indonesia		0.01	0.01	0.06	0.13	0.27	0.47	0.5	0.54	0.57	0.6	0.62	0.64	0.66	0.68	0.69	0.72	0.73	0.72	0.72	0.71	0.71	0.7	0.71	0.71	0.72	0.72	0.72	0.58	0.62	0.63	0.63
Iran	0.32	0.29	0.41	0.33	0.33	0.51	0.57	0.57	0.88	0.82	0.91	0.88	0.97	0.99	0.95	0.98	0.99	0.99	0.99	0.99	0.99	0.96	0.99	0.99	0.99	0.95	0.98	0.99	0.99	0.99	0.99	0.99
Iraq	0.14	0.13	0.18	0.16	0.67	0.86	0.91	0.94	0.87	0.87	0.83	0.78	0.74	0.7	0.72	0.74	0.76	0.78	0.76	0.81	0.78	0.76	0.73	0.7	0.68	0.65	0.58	0.54	0.65	0.73	0.72	0.77
Ireland	0.34	0.36	0.43	0.42	0.45	0.45	0.44	0.44	0.43	0.65	0.65	0.67	0.68	0.7	0.71	0.73	0.74	0.76	0.84	0.86	0.86	0.84	0.83	0.86	0.89	0.9	0.91	0.92	0.93	0.94	0.94	0.95
Israel	0.84	0.91	0.92	0.89	0.87	0.85	0.92	0.92	0.92	0.92	0.93	0.94	0.95	0.96	0.95	0.96	0.94	0.95	0.96	0.96	0.96	0.95	0.97	0.95	0.96	0.93	0.96	0.96	0.96	0.95	0.95	0.94
Italy					0.1	0.12	0.98	0.88	0.85	0.85	0.83	0.95	0.95	0.95	0.95	0.95	0.96	0.95	0.95	0.95	0.87	0.93	0.93	0.96	0.94	0.95	0.96	0.97	0.96	0.96	0.96	0.96
Jamaica	0.24	0.39	0.34	0.51	0.58	0.6	0.74	0.81	0.82	0.85	0.86	0.85	0.84	0.91	0.93	0.9	0.92	0.9	0.86	0.89	0.93	0.99	0.98	0.95	0.97	0.99	0.99	0.99	0.99	0.99	0.99	0.99
Japan	0.6	0.75	0.81	0.8	0.82	0.83	0.84	0.85	0.86	0.87	0.9	0.92	0.87	0.85	0.8	0.74	0.99	0.7	0.75	0.8	0.85	0.95	0.96	0.97	0.99	0.98	0.98	0.98	0.98	0.98	0.98	0.98
Jordan	0.3	0.81	0.75	0.76	0.81	0.85	0.88	0.9	0.93	0.94	0.92	0.92	0.92	0.91	0.94	0.95	0.96	0.99	0.99	0.85	0.91	0.99	0.95	0.97	0.95	0.95	0.98	0.98	0.97	0.98	0.98	0.98
Kazakhstan													0.81	0.76	0.76	0.93	0.95	0.97	0.99	0.98	0.97	0.95	0.95	0.99	0.82	0.98	0.99	0.93	0.99	0.98	0.99	0.99
Kenya					0.58	0.7	0.72	0.77	0.82	0.83	0.84	0.86	0.87	0.89	0.92	0.94	0.87	0.79	0.81	0.82	0.82	0.8	0.84	0.73	0.73	0.76	0.8	0.81	0.85	0.84	0.83	0.88
Kiribati	0.43	0.29	0.53	0.4	0.18	0.37	0.37	0.36	0.63	0.79	0.97	0.7	0.86	0.99	0.71	0.6	0.79	0.91	0.88	0.78	0.9	0.85	0.77	0.7	0.62	0.79	0.86	0.94	0.82	0.86	0.91	0.99
Kuwait	0.67	0.79	0.83	0.89	0.89	0.9	0.91	0.92	0.94	0.94	0.71	0.8	0.88	0.97	0.99	0.99	0.99	0.96	0.95	0.94	0.98	0.99	0.99	0.99	0.98	0.99	0.99	0.99	0.99	0.99	0.98	0.99
Kyrgyz Republic													0.84	0.64	0.82	0.93	0.98	0.98	0.97	0.99	0.99	0.99	0.98	0.98	0.99	0.98	0.92	0.94	0.95	0.95	0.96	0.96
Lao		0.07	0.07	0.07	0.05	0.04	0.05	0.1	0.17	0.21	0.18	0.22	0.23	0.25	0.48	0.54	0.58	0.6	0.54	0.55	0.51	0.52	0.53	0.49	0.45	0.49	0.57	0.5	0.61	0.67	0.74	0.78
Latvia													0.87	0.8	0.97	0.98	0.93	0.92	0.94	0.95	0.96	0.97	0.97	0.98	0.99	0.99	0.98	0.98	0.97	0.95	0.89	0.94
Lebanon	0	0.02	0.04	0.04	0.04	0.17	0.3	0.46	0.63	0.79	0.82	0.86	0.9	0.91	0.92	0.93	0.93	0.92	0.89	0.86	0.83	0.8	0.77	0.74	0.75	0.77	0.78	0.8	0.81	0.81	0.81	0.81
Lesotho	0.56	0.56	0.61	0.66	0.74	0.82	0.81	0.79	0.8	0.81	0.82	0.84	0.85	0.86	0.87	0.88	0.87	0.87	0.88	0.88	0.83	0.78	0.84	0.9	0.89	0.87	0.86	0.84	0.83	0.83	0.83	0.83
Liberia																				0.5	0.46	0.42	0.39	0.35	0.31	0.6	0.6	0.6	0.64	0.64	0.47	0.49
Libya	0.6	0.67	0.72	0.79	0.81	0.81	0.82	0.82	0.84	0.87	0.84	0.87	0.9	0.96	0.95	0.95	0.96	0.96	0.95	0.94	0.94	0.94	0.93	0.95	0.97	0.98	0.98	0.98	0.98	0.98	0.98	0.98
Lithuania													0.78	0.83	0.83	0.9	0.91	0.9	0.93	0.93	0.94	0.95	0.95	0.94	0.94	0.94	0.94	0.95	0.96	0.98	0.95	0.92
Luxembourg				0.75	0.68	0.77	0.86	0.95	0.9	0.9	0.9	0.91	0.93	0.94	0.95	0.97	0.98	0.98	0.98	0.98	0.98	0.98	0.98	0.98	0.99	0.99	0.99	0.99	0.99	0.99	0.99	0.99
Madagascar			0.15	0.23	0.19	0.23	0.3	0.35	0.42	0.45	0.46	0.53	0.65	0.66	0.66	0.57	0.49	0.49	0.52	0.55	0.57	0.59	0.61	0.63	0.72	0.82	0.83	0.84	0.77	0.83	0.85	0.89
Malawi	0.58	0.66	0.64	0.63	0.58	0.55	0.57	0.78	0.82	0.87	0.87	0.87	0.87	0.91	0.82	0.89	0.9	0.95	0.96	0.85	0.75	0.9	0.64	0.84	0.89	0.93	0.99	0.87	0.91	0.93	0.93	0.97
Malaysia	0.67	0.66	0.73	0.58	0.54	0.57	0.62	0.69	0.68	0.84	0.9	0.92	0.94	0.91	0.95	0.94	0.94	0.95	0.94	0.93	0.95	0.95	0.96	0.96	0.94	0.95	0.9	0.9	0.96	0.95	0.94	0.99
Maldives	0.04	0.01	0.01	0.13	0.24	0.28	0.42	0.42	0.86	0.91	0.94	0.98	0.98	0.9	0.96	0.94	0.97	0.97	0.97	0.97	0.98	0.98	0.98	0.98	0.96	0.98	0.98	0.98	0.98	0.98	0.96	0.96
Mali						0.08	0.08	0.08	0.18	0.26	0.42	0.34	0.38	0.46	0.39	0.49	0.53	0.52	0.52	0.4	0.43	0.49	0.61	0.63	0.69	0.77	0.78	0.74	0.74	0.73	0.76	0.72
Malta					0.5	0.37	0.86	0.87	0.87	0.47	0.63	0.86	0.82	0.83	0.88	0.92	0.92	0.92	0.92	0.93	0.94	0.95	0.95	0.94	0.89	0.92	0.85	0.74	0.72	0.73	0.76	0.96
Marshall Islands									0.92	0.92	0.92	0.71	0.82	0.56	0.67	0.7	0.78	0.78	0.86	0.66	0.39	0.48	0.8	0.68	0.64	0.77	0.74	0.93	0.95	0.96	0.94	0.94
Mauritania		0.18	0.2	0.2	0.21	0.27	0.32	0.3	0.28	0.28	0.33	0.29	0.39	0.44	0.5	0.55	0.5	0.28	0.16	0.32	0.53	0.72	0.83	0.76	0.7	0.71	0.68	0.75	0.74	0.64	0.64	0.75
Mauritius	0.89	0.82	0.94	0.89	0.85	0.88	0.86	0.84	0.86	0.85	0.85	0.91	0.88	0.88	0.89	0.93	0.89	0.9	0.89	0.85	0.88	0.92	0.88	0.92	0.98	0.97	0.97	0.97	0.99	0.99	0.99	0.98
Mexico	0.44	0.43	0.4	0.41	0.52	0.4	0.51	0.62	0.6	0.65	0.53	0.88	0.9	0.82	0.91	0.91	0.95	0.95	0.96	0.96	0.97	0.97	0.97	0.98	0.98	0.98	0.98	0.98	0.96	0.95	0.95	0.97
Micronesia, Fed. Sts.								0.57	0.85	0.95	0.85	0.79	0.91	0.78	0.81	0.83	0.79	0.75	0.8	0.76	0.85	0.75	0.84	0.92	0.78	0.94	0.67	0.79	0.85	0.91	0.85	0.84
Moldova													0.84	0.7	0.86	0.96	0.97	0.97	0.97	0.97	0.95	0.97	0.97	0.98	0.98	0.98	0.97	0.96	0.95	0.85	0.9	0.93
Monaco									0.99	0.99	0.99	0.98	0.98	0.99	0.99	0.99	0.99	0.99	0.99	0.99	0.99	0.99	0.99	0.99	0.99	0.99	0.99	0.99	0.99	0.99	0.99	0.99
Mongolia	0.76	0.78	0.79	0.79	0.77	0.8	0.81	0.8	0.82	0.84	0.84	0.81	0.64	0.79	0.78	0.88	0.9	0.92	0.94	0.94	0.94	0.95	0.98	0.98	0.99	0.99	0.99	0.95	0.96	0.95	0.96	0.99
Montenegro																											0.9	0.92	0.95	0.92	0.94	0.95
Morocco			0.32	0.41	0.45	0.51	0.63	0.85	0.82	0.8	0.81	0.81	0.87	0.86	0.87	0.9	0.95	0.94	0.93	0.91	0.95	0.96	0.94	0.91	0.97	0.98	0.97	0.95	0.99	0.99	0.99	0.99
Mozambique		0.56	0.43	0.38	0.32	0.29	0.32	0.39	0.38	0.47	0.46	0.46	0.5	0.49	0.55	0.57	0.6	0.62	0.65	0.68	0.7	0.73	0.76	0.76	0.76	0.75	0.75	0.75	0.75	0.74	0.74	0.76
Myanmar	0.04	0.05	0.09	0.11	0.12	0.16	0.2	0.23	0.28	0.5	0.88	0.66	0.71	0.73	0.77	0.84	0.88	0.9	0.9	0.75	0.82	0.73	0.79	0.8	0.86	0.8	0.91	0.97	0.98	0.99	0.99	0.99
Namibia												0.69	0.7	0.73	0.79	0.74	0.7	0.66	0.74	0.72	0.79	0.78	0.77	0.79	0.81	0.86	0.86	0.86	0.83	0.83	0.83	0.82
Nauru					0.67	0.67	0.61	0.55	0.67	0.75	0.74	0.7	0.67	0.63	0.6	0.56	0.53	0.5	0.72	0.64	0.44	0.95	0.8	0.8	0.8	0.8	0.72	0.99	0.99	0.99	0.99	0.99
Nepal	0.08	0.16	0.18	0.23	0.27	0.32	0.38	0.46	0.45	0.44	0.43	0.46	0.49	0.51	0.54	0.54	0.65	0.78	0.71	0.65	0.74	0.72	0.72	0.78	0.8	0.75	0.89	0.82	0.82	0.89	0.82	0.92
Netherlands	0.96	0.96	0.96	0.97	0.97	0.97	0.97	0.97	0.97	0.97	0.97	0.97	0.97	0.97	0.97	0.97	0.97	0.97	0.97	0.97	0.97	0.97	0.97	0.98	0.98	0.98	0.96	0.96	0.97	0.97	0.97	0.97
New Zealand	0.76	0.72	0.73	0.73	0.83	0.72	0.7	0.67	0.69	0.8	0.9	0.81	0.81	0.83	0.84	0.89	0.88	0.86	0.81	0.88	0.9	0.9	0.9	0.9	0.89	0.89	0.89	0.88	0.89	0.92	0.93	0.95
Nicaragua	0.16	0.23	0.27	0.24	0.33	0.39	0.45	0.51	0.47	0.68	0.7	0.75	0.81	0.81	0.81	0.8	0.8	0.8	0.73	0.79	0.83	0.87	0.85	0.86	0.79	0.86	0.88	0.93	0.97	0.98	0.98	0.98
Niger		0.06	0.06	0.05	0.05	0.04	0.05	0.07	0.09	0.13	0.22	0.19	0.2	0.2	0.2	0.23	0.23	0.25	0.29	0.32	0.34	0.36	0.39	0.41	0.43	0.45	0.51	0.57	0.67	0.71	0.7	0.75
Nigeria					0.09	0.16	0.22	0.29	0.36	0.47	0.56	0.39	0.43	0.29	0.44	0.34	0.26	0.21	0.32	0.31	0.29	0.27	0.25	0.29	0.33	0.36	0.4	0.42	0.53	0.63	0.69	0.47
North Korea	0.5	0.52	0.51	0.52	0.67	0.55	0.61	0.86	0.87	0.97	0.98	0.97	0.9	0.9	0.77	0.64	0.5	0.37	0.43	0.5	0.56	0.62	0.64	0.68	0.72	0.79	0.89	0.92	0.92	0.93	0.93	0.94
North Macedonia														0.9	0.88	0.95	0.93	0.97	0.94	0.95	0.95	0.91	0.96	0.96	0.94	0.97	0.93	0.95	0.95	0.96	0.95	0.95
Norway				0.9	0.9	0.85	0.83	0.8	0.83	0.83	0.86	0.96	0.98	0.94	0.93	0.97	0.97	0.95	0.93	0.92	0.9	0.91	0.93	0.92	0.92	0.91	0.94	0.93	0.94	0.94	0.93	0.94
Oman	0.18	0.19	0.24	0.31	0.45	0.6	0.82	0.89	0.9	0.98	0.98	0.95	0.99	0.97	0.97	0.99	0.99	0.99	0.99	0.99	0.99	0.99	0.99	0.99	0.99	0.99	0.98	0.99	0.99	0.98	0.99	0.99
Pakistan	0.02	0.03	0.05	0.15	0.23	0.3	0.34	0.36	0.38	0.4	0.54	0.5	0.42	0.37	0.39	0.58	0.46	0.52	0.55	0.58	0.62	0.65	0.68	0.67	0.65	0.8	0.83	0.83	0.69	0.76	0.86	0.8
Palau							0.98	0.81	0.99	0.78	0.99	0.98	0.93	0.89	0.67	0.99	0.98	0.91	0.96	0.96	0.96	0.98	0.99	0.99	0.98	0.98	0.98	0.94	0.92	0.49	0.69	0.84
Palestine														0.94	0.98	0.99	0.97	0.96	0.98	0.89	0.93	0.97	0.97	0.98	0.96	0.96	0.96	0.99	0.96	0.97	0.99	0.99
Panama	0.47	0.78	0.6	0.6	0.59	0.73	0.7	0.72	0.75	0.7	0.86	0.82	0.77	0.83	0.83	0.86	0.91	0.95	0.98	0.92	0.98	0.99	0.99	0.98	0.95	0.92	0.88	0.85	0.86	0.85	0.94	0.87
Papua New Guinea	0.32	0.32	0.29	0.27	0.34	0.4	0.44	0.44	0.48	0.53	0.68	0.68	0.58	0.58	0.61	0.62	0.56	0.45	0.6	0.6	0.59	0.55	0.61	0.68	0.62	0.61	0.61	0.6	0.52	0.62	0.56	0.61
Paraguay	0.17	0.28	0.34	0.45	0.67	0.57	0.53	0.58	0.56	0.61	0.67	0.66	0.73	0.66	0.71	0.68	0.72	0.75	0.79	0.82	0.86	0.89	0.87	0.86	0.92	0.94	0.96	0.92	0.9	0.86	0.9	0.9
Peru	0.16	0.2	0.23	0.23	0.28	0.48	0.5	0.43	0.6	0.58	0.72	0.71	0.83	0.87	0.87	0.9	0.94	0.9	0.94	0.99	0.98	0.9	0.95	0.94	0.91	0.86	0.83	0.81	0.79	0.93	0.93	0.91
Philippines	0.47	0.54	0.54	0.55	0.57	0.59	0.66	0.72	0.79	0.86	0.88	0.9	0.8	0.76	0.73	0.7	0.75	0.81	0.81	0.8	0.78	0.79	0.79	0.84	0.88	0.89	0.88	0.87	0.91	0.87	0.79	0.8
Poland	0.96	0.96	0.95	0.95	0.95	0.94	0.95	0.96	0.96	0.96	0.96	0.95	0.95	0.95	0.96	0.96	0.97	0.98	0.98	0.98	0.98	0.98	0.99	0.99	0.99	0.99	0.99	0.99	0.99	0.99	0.99	0.99
Portugal	0.73	0.75	0.78	0.79	0.78	0.72	0.81	0.83	0.81	0.88	0.89	0.96	0.94	0.93	0.97	0.93	0.95	0.94	0.97	0.97	0.96	0.97	0.98	0.99	0.95	0.93	0.97	0.97	0.97	0.96	0.98	0.98
Qatar	0.61	0.43	0.37	0.49	0.6	0.71	0.72	0.72	0.69	0.81	0.82	0.86	0.88	0.9	0.91	0.92	0.92	0.92	0.94	0.92	0.8	0.93	0.96	0.92	0.96	0.97	0.96	0.94	0.97	0.99	0.97	0.93
Romania						0.95	0.89	0.92	0.96	0.96	0.96	0.98	0.98	0.91	0.98	0.98	0.98	0.97	0.97	0.97	0.99	0.99	0.98	0.97	0.97	0.97	0.97	0.96	0.96	0.95	0.94	0.89
Russia													0.72	0.79	0.88	0.78	0.84	0.88	0.91	0.95	0.96	0.96	0.96	0.97	0.97	0.98	0.99	0.98	0.98	0.98	0.97	0.97
Rwanda		0.17	0.38	0.59	0.55	0.5	0.87	0.88	0.8	0.82	0.84	0.91	0.85	0.83	0.23	0.83	0.89	0.73	0.79	0.85	0.9	0.77	0.88	0.96	0.89	0.95	0.99	0.97	0.97	0.97	0.97	0.97
Samoa	0.29	0.66	0.87	0.89	0.96	0.89	0.94	0.93	0.9	0.66	0.9	0.79	0.91	0.92	0.93	0.94	0.95	0.96	0.99	0.98	0.99	0.93	0.96	0.94	0.68	0.64	0.56	0.71	0.46	0.72	0.87	0.91
San Marino				0.99	0.99	0.99	0.99	0.99	0.99	0.99	0.99	0.99	0.99	0.99	0.88	0.99	0.99	0.99		0.99	0.96	0.96	0.96	0.96	0.98	0.95	0.95	0.92	0.87	0.92	0.79	0.86
Sao Tome and Principe		0.42	0.34	0.26	0.49	0.48	0.65	0.72	0.77	0.63	0.92	0.87	0.68	0.6	0.83	0.79	0.68	0.73	0.73	0.78	0.82	0.92	0.92	0.94	0.96	0.97	0.97	0.97	0.99	0.98	0.98	0.96
Saudi Arabia	0.41	0.53	0.62	0.67	0.76	0.81	0.86	0.89	0.89	0.96	0.92	0.91	0.91	0.94	0.95	0.96	0.93	0.92	0.94	0.93	0.95	0.97	0.95	0.95	0.96	0.96	0.96	0.96	0.98	0.98	0.98	0.98
Senegal							0.54	0.57	0.59	0.47	0.51	0.51	0.59	0.58	0.57	0.8	0.7	0.59	0.59	0.6	0.52	0.52	0.6	0.73	0.87	0.84	0.89	0.94	0.88	0.86	0.85	0.83
Serbia													0.84	0.85	0.85	0.89	0.91	0.94	0.93	0.92	0.95	0.93	0.95	0.89	0.88	0.98	0.92	0.94	0.95	0.95	0.91	0.91
Seychelles		0.13	0.55	0.97	0.95	0.86	0.94	0.89	0.94	0.97	0.99	0.98	0.96	0.96	0.96	0.97	0.99	0.98	0.99	0.99	0.98	0.96	0.99	0.99	0.99	0.99	0.99	0.99	0.99	0.99	0.99	0.99
Sierra Leone																				0.43	0.44	0.38	0.53	0.73	0.65	0.65	0.64	0.64	0.78	0.84	0.84	0.84
Singapore	0.84	0.87	0.83	0.84	0.77	0.78	0.91	0.96	0.9	0.9	0.85	0.91	0.89	0.92	0.95	0.98	0.97	0.98	0.97	0.97	0.98	0.96	0.94	0.96	0.95	0.96	0.95	0.96	0.97	0.97	0.97	0.96
Slovak Republic															0.99	0.99	0.99	0.99	0.99	0.99	0.99	0.99	0.99	0.99	0.99	0.99	0.99	0.99	0.99	0.99	0.99	0.99
Slovenia													0.98	0.98	0.98	0.98	0.98	0.94	0.91	0.92	0.91	0.92	0.93	0.95	0.94	0.95	0.97	0.97	0.97	0.96	0.96	0.96
Solomon Islands	0.46	0.35	0.23	0.27	0.45	0.38	0.42	0.66	0.69	0.67	0.77	0.76	0.71	0.65	0.68	0.69	0.72	0.72	0.69	0.86	0.82	0.78	0.71	0.76	0.8	0.78	0.91	0.79	0.78	0.81	0.79	0.88
Somalia		0.02	0.05	0.05	0.1	0.22	0.17	0.25	0.26	0.18	0.19	0.2	0.21	0.22	0.23	0.22	0.21	0.19	0.33	0.36	0.33	0.33	0.4	0.4	0.3	0.35	0.26	0.4	0.31	0.42	0.45	0.41
South Africa				0.74	0.75	0.75	0.7	0.72	0.7	0.71	0.72	0.81	0.79	0.81	0.73	0.72	0.73	0.76	0.75	0.74	0.73	0.71	0.7	0.69	0.64	0.72	0.74	0.72	0.73	0.7	0.66	0.72
South Korea		0.61	0.61	0.69	0.76	0.76	0.76	0.57	0.58	0.89	0.74	0.79	0.84	0.88	0.93	0.99	0.9	0.8	0.74	0.86	0.97	0.97	0.97	0.97	0.88	0.96	0.98	0.91	0.94	0.94	0.94	0.99
South Sudan																																0.46
Spain					0.95	0.79	0.88	0.77	0.93	0.93	0.86	0.86	0.84	0.87	0.88	0.9	0.9	0.94	0.95	0.95	0.95	0.96	0.98	0.98	0.97	0.96	0.98	0.96	0.97	0.96	0.97	0.97
Sri Lanka	0.46	0.45	0.57	0.64	0.66	0.7	0.75	0.77	0.83	0.87	0.86	0.86	0.88	0.9	0.88	0.93	0.92	0.97	0.94	0.99	0.99	0.98	0.98	0.99	0.97	0.99	0.98	0.98	0.98	0.97	0.99	0.99
St. Kitts and Nevis	0.56	0.67	0.92	0.9	0.97	0.92	0.99	0.96	0.94	0.99	0.99	0.99	0.99	0.99	0.99	0.99	0.99	0.99	0.97	0.98	0.98	0.99	0.96	0.98	0.95	0.99	0.99	0.99	0.98	0.97	0.95	0.97
St. Lucia	0.56	0.64	0.79	0.81	0.83	0.87	0.78	0.85	0.78	0.92	0.89	0.96	0.96	0.97	0.93	0.98	0.88	0.98	0.88	0.89	0.7	0.99	0.74	0.9	0.91	0.95	0.85	0.99	0.96	0.95	0.97	0.97
St. Vincent and the Grenadines	0.26	0.32	0.67	0.8	0.86	0.9	0.95	0.97	0.98	0.98	0.98	0.99	0.99	0.99	0.99	0.97	0.99	0.99	0.99	0.94	0.97	0.99	0.99	0.99	0.99	0.98	0.99	0.99	0.99	0.99	0.99	0.95
Sudan	0.01	0.01	0.02	0.03	0.04	0.08	0.14	0.27	0.4	0.6	0.62	0.62	0.53	0.51	0.46	0.48	0.56	0.55	0.46	0.55	0.62	0.66	0.6	0.69	0.74	0.78	0.78	0.84	0.86	0.81	0.9	0.93
Suriname	0.25	0.27	0.61	0.85	0.8	0.84	0.8	0.71	0.64	0.72	0.83	0.75	0.74	0.76	0.74	0.84	0.85	0.81	0.9	0.85	0.71	0.68	0.73	0.75	0.85	0.83	0.84	0.84	0.85	0.87	0.96	0.86
Swaziland		0.3	0.39	0.43	0.5	0.61	0.74	0.86	0.89	0.89	0.89	0.79	0.93	0.89	0.96	0.82	0.82	0.82	0.84	0.85	0.87	0.89	0.9	0.92	0.93	0.95	0.95	0.95	0.94	0.94	0.89	0.91
Sweden	0.99	0.99	0.99	0.99	0.99	0.99	0.99	0.99	0.99	0.99	0.99	0.99	0.99	0.99	0.99	0.99	0.99	0.99	0.99	0.99	0.99	0.99	0.99	0.99	0.99	0.98	0.98	0.98	0.98	0.98	0.98	0.98
Switzerland							0.9	0.9	0.9	0.9	0.9	0.89	0.89	0.89	0.89	0.89	0.89	0.89	0.88	0.88	0.88	0.93	0.93	0.93	0.93	0.94	0.94	0.94	0.95	0.95	0.96	0.95
Syria	0.13	0.14	0.15	0.21	0.25	0.29	0.86	0.42	0.59	0.94	0.91	0.89	0.89	0.9	0.89	0.89	0.88	0.87	0.87	0.86	0.84	0.82	0.84	0.83	0.81	0.8	0.8	0.8	0.79	0.8	0.8	0.72
Tajikistan													0.72	0.64	0.81	0.8	0.75	0.81	0.79	0.82	0.83	0.85	0.85	0.85	0.86	0.84	0.83	0.86	0.86	0.93	0.93	0.96
Tanzania	0.59	0.55	0.5	0.52	0.58	0.67	0.74	0.79	0.85	0.77	0.78	0.81	0.83	0.83	0.84	0.81	0.82	0.79	0.79	0.76	0.79	0.87	0.89	0.95	0.95	0.9	0.9	0.83	0.86	0.85	0.91	0.9
Thailand	0.49	0.52	0.49	0.49	0.53	0.62	0.66	0.75	0.8	0.84	0.92	0.9	0.85	0.89	0.93	0.96	0.94	0.95	0.96	0.97	0.97	0.96	0.96	0.98	0.98	0.98	0.98	0.98	0.99	0.99	0.99	0.99
Timor-Leste																							0.54	0.55	0.57	0.55	0.63	0.7	0.79	0.72	0.72	0.67
Togo		0.09	0.14	0.18	0.11	0.24	0.37	0.61	0.54	0.72	0.77	0.73	0.69	0.66	0.62	0.58	0.5	0.42	0.42	0.57	0.64	0.5	0.59	0.72	0.71	0.82	0.84	0.82	0.81	0.78	0.81	0.81
Tonga	0.4	0.37	0.52	0.63	0.51	0.92	0.75	0.99	0.92	0.93	0.94	0.88	0.99	0.96	0.89	0.95	0.99	0.96	0.97	0.94	0.95	0.94	0.9	0.98	0.99	0.99	0.99	0.99	0.99	0.99	0.99	0.99
Trinidad and Tobago	0.26	0.62	0.54	0.6	0.65	0.75	0.7	0.79	0.82	0.77	0.82	0.82	0.87	0.81	0.85	0.89	0.89	0.9	0.91	0.9	0.9	0.91	0.96	0.91	0.94	0.95	0.92	0.88	0.9	0.9	0.9	0.9
Tunisia				0.62	0.66	0.7	0.72	0.84	0.91	0.93	0.93	0.93	0.95	0.94	0.93	0.94	0.95	0.96	0.96	0.99	0.97	0.98	0.96	0.95	0.97	0.98	0.99	0.98	0.99	0.99	0.98	0.98
Turkey	0.42	0.64	0.58	0.56	0.56	0.55	0.45	0.86	0.86	0.79	0.84	0.72	0.77	0.76	0.87	0.67	0.72	0.79	0.81	0.79	0.85	0.88	0.78	0.68	0.85	0.9	0.9	0.96	0.96	0.96	0.97	0.97
Turkmenistan													0.84	0.73	0.9	0.93	0.97	0.98	0.99	0.98	0.97	0.95	0.98	0.83	0.97	0.99	0.98	0.98	0.96	0.96	0.96	0.97
Tuvalu	0.36	0.49	0.72	0.79	0.37	0.52	0.73	0.59	0.89	0.85	0.99	0.74	0.7	0.8	0.99	0.87	0.97	0.77	0.94	0.83	0.82	0.96	0.98	0.93	0.98	0.93	0.97	0.97	0.99	0.88	0.89	0.96
Uganda		0.09	0.12	0.14	0.14	0.14	0.21	0.3	0.38	0.42	0.45	0.49	0.53	0.56	0.6	0.59	0.57	0.56	0.48	0.5	0.52	0.55	0.57	0.59	0.62	0.64	0.64	0.73	0.71	0.79	0.8	0.82
Ukraine													0.88	0.93	0.97	0.98	0.99	0.99	0.98	0.99	0.99	0.99	0.99	0.97	0.99	0.96	0.98	0.98	0.9	0.71	0.52	0.5
United Arab Emirates	0.11	0.45	0.43	0.5	0.59	0.76	0.78	0.8	0.82	0.84	0.85	0.85	0.86	0.9	0.9	0.9	0.9	0.92	0.94	0.94	0.94	0.94	0.94	0.94	0.94	0.94	0.92	0.92	0.92	0.93	0.94	0.94
United Kingdom	0.41	0.46	0.53	0.59	0.65	0.65	0.67	0.73	0.75	0.78	0.84	0.88	0.92	0.93	0.93	0.94	0.94	0.92	0.91	0.92	0.91	0.91	0.91	0.91	0.92	0.91	0.92	0.92	0.92	0.93	0.94	0.95
United States	0.96	0.96	0.96	0.97	0.97	0.96	0.97	0.97	0.97	0.94	0.9	0.86	0.83	0.88	0.94	0.95	0.95	0.96	0.96	0.96	0.94	0.94	0.94	0.96	0.96	0.96	0.95	0.95	0.95	0.94	0.94	0.94
Uruguay	0.53	0.57	0.67	0.73	0.62	0.63	0.7	0.85	0.82	0.88	0.97	0.96	0.93	0.92	0.91	0.91	0.91	0.91	0.91	0.93	0.9	0.94	0.95	0.91	0.94	0.96	0.95	0.94	0.94	0.95	0.95	0.95
Uzbekistan													0.9	0.45	0.67	0.87	0.95	0.96	0.99	0.99	0.99	0.99	0.99	0.98	0.99	0.99	0.96	0.96	0.98	0.98	0.99	0.99
Vanuatu			0.22	0.27	0.28	0.3	0.31	0.56	0.58	0.61	0.76	0.83	0.77	0.86	0.74	0.73	0.67	0.72	0.72	0.71	0.71	0.7	0.7	0.69	0.69	0.68	0.68	0.68	0.68	0.68	0.68	0.68
Venezuela	0.56	0.54	0.53	0.58	0.33	0.49	0.58	0.57	0.56	0.57	0.63	0.64	0.67	0.67	0.63	0.68	0.57	0.6	0.39	0.76	0.77	0.7	0.65	0.68	0.86	0.87	0.71	0.62	0.5	0.84	0.78	0.78
Vietnam				0.04	0.05	0.42	0.43	0.5	0.7	0.88	0.88	0.88	0.88	0.91	0.94	0.93	0.94	0.95	0.94	0.93	0.96	0.96	0.75	0.99	0.96	0.95	0.94	0.92	0.93	0.96	0.93	0.95
Yemen	0.01	0.03	0.04	0.05	0.07	0.12	0.13	0.18	0.36	0.56	0.84	0.47	0.5	0.54	0.33	0.44	0.47	0.4	0.68	0.72	0.76	0.76	0.69	0.66	0.78	0.85	0.85	0.87	0.87	0.86	0.87	0.81
Zambia				0.49	0.59	0.66	0.66	0.83	0.83	0.83	0.91	0.79	0.83	0.86	0.9	0.86	0.84	0.83	0.84	0.84	0.85	0.85	0.84	0.83	0.83	0.82	0.81	0.8	0.87	0.94	0.83	0.81
Zimbabwe		0.39	0.46	0.53	0.6	0.63	0.75	0.84	0.85	0.87	0.88	0.87	0.86	0.85	0.87	0.88	0.9	0.86	0.84	0.81	0.79	0.76	0.73	0.7	0.68	0.65	0.68	0.72	0.75	0.84	0.94	0.99
